Chequia,A,Matěj Kovář,Vladimír Coufal,Štěpán Chaloupek,Robin Hranáč,Ladislav Krejčí,Jaroslav Zelený,Tomáš Souček,Lukáš Provod,Alexandr Sojka,Pavel Šulc,Patrik Schick
Corea del Sur,A,Kim Seung-gyu,Seol Young-woo,Kim Min-jae,Cho Yu-min,Lee Myung-jae,Hwang In-beom,Paik Seung-ho,Lee Kang-in,Lee Jae-sung,Hwang Hee-chan,Son Heung-min
Mexico,A,Luis Malagón,Jorge Sánchez,César Montes,Johan Vásquez,Jesús Gallardo,Edson Álvarez,Luis Chávez,Erick Sánchez,Hirving Lozano,Julián Quiñones,Santiago Giménez
Sudafrica,A,Ronwen Williams,Khuliso Mudau,Thabiso Sesane,Nkosinathi Mbokazi,Aubrey Modiba,Teboho Mokoena,Sphephelo Sithole,Thalente Mbatha,Oswin Appollis,Tshepang Moremi,Lyle Foster
Bosnia y herzegovina,B,Nikola Vasilj,Amar Dedić,Dennis Hadžikadunić,Tarik Muharemović,Sead Kolašinac,Benjamin Tahirović,Armin Gigović,Ivan Bašić,Esmir Bajraktarević,Ermedin Demirović,Edin Džeko
Canada,B,Maxime Crépeau,Alistair Johnston,Moïse Bombito,Derek Cornelius,Alphonso Davies,Jonathan Osorio,Stephen Eustáquio,Ismaël Koné,Tajon Buchanan,Jonathan David,Cyle Larin
Qatar,B,Meshaal Barsham,Pedro Miguel,Lucas Mendes,Boualem Khoukh,Tarek Salman,Fatai Mohed,Ahmed Fathy,Jassem Gaber,Hassan Al-Haydos,Almoez Ali,Akram Afif
Suiza,B,Yann Sommer,Silvan Widmer,Manuel Akanji,Fabian Schär,Ricardo Rodríguez,Granit Xhaka,Remo Freuler,Michel Aebischer,Dan Ndoye,Breel Embolo,Ruben Vargas
Brasil,C,Alisson,Danilo,Marquinhos,Gabriel Magalhães,Guilherme Arana,Bruno Guimarães,Lucas Paquetá,Rodrygo,Raphinha,Endrick,Vinícius Jr.
Escocia,C,Angus Gunn,Ralston Anthony,Ryan Porteous,Grant Hanley,Kieran Tierney,Andrew Robertson,Billy Gilmour,Callum McGregor,Scott McTominay,John McGinn,Che Adams
Haiti,C,Johny Placide,Carlens Arcus,Ricardo Adé,Jean-Kévin Duverne,Alex Christian,Leverton Pierre,Danley Jean Jacques,Bryan Alceus,Duckens Nazon,Frantzdy Pierrot,Louicius Don Deedson
Marruecos,C,Yassine Bounou,Achraf Hakimi,Nayef Aguerd,Romain Saïss,Noussair Mazraoui,Sofyan Amrabat,Azzedine Ounahi,Brahim Díaz,Hakim Ziyech,Youssef En-Nesyri,Sofiane Boufal
Australia,D,Mathew Ryan,Lewis Miller,Harry Souttar,Kye Rowles,Aziz Behich,Connor Metcalfe,Jackson Irvine,Aiden O'Neill,Martin Boyle,Kusini Yengi,Craig Goodwin
Estados Unidos,D,Matt Turner,Joe Scally,Chris Richards,Tim Ream,Antonee Robinson,Weston McKennie,Tyler Adams,Yunus Musah,Timothy Weah,Folarin Balogun,Christian Pulisic
Paraguay,D,Carlos Coronel,Iván Ramírez,Gustavo Gómez,Omar Alderete,Matías Espinoza,Andrés Cubas,Mathías Villasanti,Damián Bobadilla,Miguel Almirón,Julio Enciso,Alex Arce
Turquia,D,Uğurcan Çakır,Zeki Çelik,Merih Demiral,Abdülkerim Bardakcı,Ferdi Kadıoğlu,İsmail Yüksek,Hakan Çalhanoğlu,Orkun Kökçü,Arda Güler,Barış Alper Yılmaz,Kenan Yıldız
Alemania,E,Manuel Neuer,Joshua Kimmich,Jonathan Tah,Antonio Rüdiger,David Raum,Felix Nmecha,Aleksandar Pavlović,Leroy Sané,Jamal Musiala,Florian Wirtz,Kai Havertz
Costa de Marfil,E,Yahia Fofana,Wilfried Singo,Odilon Kossounou,Evan Ndicka,Ghislain Konan,Franck Kessié,Jean Michaël Seri,Seko Fofana,Simon Adingra,Sébastien Haller,Nicolas Pépé
Curazao,E,Eloy Room,Nathangelo Markelo,Sherel Floranus,Cuco Martina,Jurien Gaari,Vurnon Anita,Juninho Bacuna,Leandro Bacuna,Brandley Kuwas,Rangelo Janga,Kenji Gorré
Ecuador,E,Hernán Galíndez,Ángelo Preciado,Joel Ordóñez,Willian Pacho,Piero Hincapié,Moisés Caicedo,Pedro Vite,John Yeboah,Nilson Angulo,Gonzalo Plata,Enner Valencia
Japon,F,Zion Suzuki,Hiroki Itō,Kō Itakura,Takehiro Tomiyasu,Ritsu Dōan,Daichi Kamada,Kaishu Sano,Keito Nakamura,Takefusa Kubo,Junya Itō,Ayase Ueda
Paises Bajos,F,Bart Verbruggen,Denzel Dumfries,Stefan de Vrij,Virgil van Dijk,Nathan Aké,Jerdy Schouten,Tijjani Reijnders,Xavi Simons,Jeremie Frimpong,Memphis Depay,Cody Gakpo
Suecia,F,Viktor Johansson,Emil Krafth,Isak Hien,Victor Lindelöf,Ludwig Augustinsson,Jens Cajuste,Anton Salétros,Dejan Kulusevski,Alexander Isak,Anthony Elanga,Viktor Gyökeres
Tunez,F,Aymen Dahmen,Yan Valery,Montassar Talbi,Omar Rekik,Ali Abdi,Ellyes Skhiri,Rani Khedira,Hannibal Mejbri,Elias Achouri,Ismaël Gharbi,Hazem Mastouri
Belgica,G,Thibaut Courtois,Timothy Castagne,Brandon Mechele,Arthur Theate,Maxim De Cuyper,Youri Tielemans,Hans Vanaken,Jérémy Doku,Kevin De Bruyne,Leandro Trossard,Charles De Ketelaere
Egipto,G,Mohamed El Shenawy,Mohamed Hany,Rami Rabia,Mohamed Abdelmonem,Mohamed Hamdy,Marwan Attia,Hamdy Fathi,Zizo,Mohamed Salah,Mostafa Mohamed,Trezeguet
Iran,G,Alireza Beiranvand,Ramin Rezaeian,Hossein Kanaanizadegan,Shojae Khalilzadeh,Milad Mohammadi,Saeid Ezatolahi,Saman Ghoddos,Ahmad Nourollahi,Alireza Jahanbakhsh,Mehdi Taremi,Sardar Azmoun
Nueva Zelanda,G,Max Crocombe,Tim Payne,Tyler Bindon,Nando Pijnaker,Liberato Cacace,Joe Bell,Marko Stamenic,Matthew Garbett,Elijah Just,Chris Wood,Ben Old
Arabia Saudi,H,Mohammed Al-Owais,Abdulelah Alamri,Saud Abdulhamid,Moteb Al Harbi,Hassan Altambakti,Mohammed Abu Al Shamat,Mohammed Kanno,Abdullah Alkhaibari,Salem Al Dawsari,Firas Al Breikan,Musab Al Juwayr
Cabo Verde,H,Vozinha,Steven Moeira,Roberto Lopes,Diney,Sidny Lopes Cabral,Kevin Pina,Laros Duarte,Ryan Mendes,Jamiro Monteiro,Jovane Cabral,Davilon Livramento
España,H,Unai Simon,Pedro Porro,Pau Cubarsi,Aymeric Laporte,Marc Cucurella,Rodri Hernandez,Dani Olmo,Fabián Ruiz,Lamine Yamal,Mikel Oyarzabal,Álex Baena
Uruguay,H,Sergio Rochet,Nahitan Nández,Ronald Araújo,José María Giménez,Mathías Olivera,Manuel Ugarte,Federico Valverde,Rodrigo Bentancur,Facundo Pellistri,Darwin Núñez,Maximiliano Araújo
Francia,I,Mike Maignan,Jules Koundé,Ibrahima Konaté,Dayot Upamecano,Theo Hernández,Aurélien Tchuamení,Adrien Rabiot,Ousmane Dembélé,Michael Olise,Désiré Doué,Kylian Mbappé
Irak,I,Jalal Hassan,Hussein Ali,Saad Natiq,Rebin Sulaka,Merchas Doski,Amir Al-Ammari,Osama Rashid,Zidane Iqbal,Ibrahim Bayesh,Aymen Hussein,Ali Jasim
Noruega,I,Ørjan Nyland,Julian Ryerson,Kristoffer Ajer,Torbjørn Heggem,David Møller Wolfe,Sander Berge,Patrick Berg,Martin Ødegaard,Alexander Sørloth,Antonio Nusa,Erling Haaland
Senegal,I,Édouard Mendy,Formose Mendy,Kalidou Koulibaly,Moussa Niakhaté,Ismail Jakobs,Pape Matar Sarr,Idrissa Gueye,Lamine Camara,Ismaïla Sarr,Nicolas Jackson,Sadio Mané
Argelia,J,Amine Gouiri,Anthony Mandrea,Yousef Atal,Aïssa Mandi,Ramy Bensebaini,Rayan Aït-Nouri,Nabil Bentaleb,Ismaël Bennacer,Houssem Aouar,Riyad Mahrez,Baghdad Bounedjah
Argentina,J,Emiliano Martinez,Nahuel Molina,Cristian  Romero,Nicolás Otamendi,Nicolás Tagliafico,Rodrigo De Paul,Enzo Fernández,Alexis Mac Allister,Lionel Messi,Lautaro Martínez,Julián Álvarez
Austria,J,Alexander Schlager,Stefan Posch,Kevin Danso,David Alaba,Maximilian Wöber,Nicolas Seiwald,Xaver Schlager,Marcel Sabitzer,Christoph Baumgartner,Michael Gregoritsch,Marko Arnautović
Jordania,J,Yazan Al-Naimat,Abdallah Nasib,Yazan Al-Arab,Salem Al-Ajalin,Ehsan Haddad,Nizar Al-Rashdan,Noor Al-Rawabdeh,Mahmoud Al-Mardi,Mousa Al-Tamari,Yazan Al-Naimat,Ali Olwan
Colombia,K,Camilo Vargas,Daniel Muñoz,Dávinson Sánchez,Jhon Lucumí,Johan Mojica,Jefferson Lerma,Richard Ríos,Jhon Arias,James Rodríguez,Luis Díaz,Jhon Córdoba
Congo RD,K,Lionel Mpasi,Aaron Wan-Bissaka,Chancel Mbemba,Axel Tuanzebe,Joris Kayembe,Samuel Moutoussamy,Charles Pickel,Edo Kayembe,Yoane Wissa,Cédric Bakambu,Meschack Elia
Portugal,K,Diogo Costa,Diogo Dalot,Rúben Dias,Pepe,Nuno Mendes,João Palhinha,Vitinha,Bruno Fernandes,Bernardo Silva,Cristiano Ronaldo,Rafael Leão
Uzbekistan,K,Utkir Yusupov,Husniddin Alikulov,Abdukodir Khusanov,Umar Eshmurodov,Sherzod Nasrullaev,Otabek Shukurov,Odiljon Hamrobekov,"Azizbek Turgunboev,",Jaloliddin Masharipov,Abbasbek Fayzullaev,Eldor Shomurodov
Croacia,L,Dominik Livaković,Josip Stanišić,Josip Šutalo,Joško Gvardiol,Borna Sosa,Luka Modrić,Mateo Kovačić,Petar Sučić,Andrej Kramarić,Ante Budimi,Ivan Perišić
Ghana,L,Lawrence Ati-Zigi,Alidu Seidu,Alexander Djiku,Mohammed Salisu,Gideon Mensah,Thomas Partey,Salis Abdul Samed,Mohammed Kudus,Ernest Nuamah,Iñaki Williams,Jordan Ayew
Inglaterra,L,Jordan Pickford,Djed Spence,Ezri Konsa,Marc Guéhi,Nico O'Riley,Declan Rice,Elliot Anderson,Buyako Saka,Jude Bellingham,Anthony Gordon,Harry Kane
Panama,L,Orlando Mosquera,Michael Amir Murillo,Edgardo Fariña,José Córdoba,Roderick Miller,Eric Davis,Adalberto Carrasquilla,Cristian Martínez,Yoel Bárcenas,José Fajardo,José Luis Rodríguez
