AUSTRIA,0,0,0,0,0,0,0,0,0,0
MEXICO,0,0,0,0,0,0,0,0,0,0
MARRUECOS,0,0,3,0,0,0,0,0,0,0
NORUEGA,0,2,0,0,0,0,0,0,0,0
BOSNIA Y HERZEGOVINA,0,0,0,0,0,0,0,0,0,0
TUNEZ,0,0,0,0,0,0,0,0,0,0
INGLATERRA ,0,0,0,12,0,0,0,0,0,0
ESPANA,0,0,0,0,0,0,0,0,0,0
FRANCIA,0,0,0,0,0,0,0,0,0,0
CABO VERDE,0,0,0,0,0,0,0,0,0,0
COREA DEL SUR,0,0,0,0,0,0,0,0,0,0
CONGO RD,0,0,0,0,0,0,0,0,0,0
ECUADOR,0,0,0,0,0,0,0,0,0,0
ALEMANIA,0,0,0,0,0,0,0,0,0,0
BELGICA,0,0,0,0,0,0,0,0,0,0
CHEQUIA,0,0,0,0,0,0,0,0,0,0
JAPON,0,0,0,0,0,0,0,0,0,0
SUDAFRICA,0,0,0,0,0,0,0,0,0,0
TURQUIA,0,0,0,0,0,0,0,0,0,0
COLOMBIA,0,0,0,0,0,0,0,0,0,0
ESCOCIA,0,0,0,0,0,0,0,0,0,0
PARAGUAY,0,0,0,0,0,0,0,0,0,0
SUIZA,0,0,0,0,0,0,0,0,0,0
EGIPTO,0,0,0,0,0,0,0,0,0,0
PORTUGAL,0,0,0,0,0,0,0,0,0,0
HAITI,0,0,0,0,0,0,0,0,0,0
ARGELIA,0,0,0,0,0,0,0,0,0,0
ARABIA SAUDI,0,0,0,0,0,0,0,0,0,0
CROACIA,0,0,0,0,0,0,0,0,0,0
ARGENTINA,0,0,0,0,0,0,0,0,0,0
COSTA DE MARFIL,0,0,0,0,0,0,0,0,0,0
PAISES BAJOS,0,0,0,0,0,0,0,0,0,0
BRASIL,0,0,0,0,0,0,0,0,0,0
QATAR,0,0,0,0,0,0,0,0,0,0
ESTADOS UNIDOS,0,0,0,0,0,0,0,0,0,0
URUGUAY,0,0,0,0,0,0,0,0,0,0
SENEGAL,0,0,0,0,0,0,0,0,0,0
JORDANIA,0,0,0,0,0,0,0,0,0,0
CANADA,0,0,0,0,0,0,0,0,0,0
AUSTRALIA,0,0,0,0,0,0,0,0,0,0
NUEVA ZELANDA,0,0,0,0,0,0,0,0,0,0
PANAMA,0,0,0,0,0,0,0,0,0,0
CURAZAO,0,0,0,0,0,0,0,0,0,0
SUECIA,0,0,0,0,0,0,0,0,0,0
IRAN,0,0,0,0,0,0,0,0,0,0
UZBEKISTAN,0,0,0,0,0,0,0,0,0,0
IRAK,0,0,0,0,0,0,0,0,0,0
GHANA,0,0,0,0,0,0,0,0,0,0